Trial,Image,Distance_cm,Actual_Width_cm,Estimated_Width_cm,Width_Error_cm,Width_Error_Percent,Actual_Height_cm,Estimated_Height_cm,Height_Error_cm,Height_Error_Percent
1,measurement_images/IMG1.jpeg,210.0,23.3,22.72,0.58,2.49,15.5,15.1,0.4,2.59
2,measurement_images/IMG2.jpeg,220.0,23.3,22.71,0.59,2.51,15.5,14.94,0.56,3.58
3,measurement_images/IMG3.jpeg,230.0,23.3,22.63,0.67,2.88,15.5,15.07,0.43,2.76
4,measurement_images/IMG4.jpeg,250.0,23.3,22.74,0.56,2.41,15.5,14.76,0.74,4.74
5,measurement_images/IMG5.jpeg,210.0,39.0,38.72,0.28,0.73,31.3,31.2,0.1,0.31
6,measurement_images/IMG6.jpeg,220.0,39.0,38.73,0.27,0.69,31.3,30.96,0.34,1.1
7,measurement_images/IMG7.jpeg,230.0,39.0,38.68,0.32,0.81,31.3,30.57,0.73,2.34
8,measurement_images/IMG8.jpeg,250.0,39.0,37.98,1.02,2.62,31.3,30.38,0.92,2.93
9,measurement_images/IMG9.jpeg,210.0,46.0,45.74,0.26,0.57,62.0,61.37,0.63,1.01
10,measurement_images/IMG10.jpeg,220.0,46.0,44.99,1.01,2.19,62.0,60.73,1.27,2.05
11,measurement_images/IMG11.jpeg,230.0,46.0,45.47,0.53,1.16,62.0,61.34,0.66,1.06
12,measurement_images/IMG12.jpeg,250.0,46.0,45.23,0.77,1.67,62.0,61.25,0.75,1.2
13,measurement_images/IMG13.jpeg,210.0,38.8,37.79,1.01,2.6,19.5,19.32,0.18,0.91
14,measurement_images/IMG14.jpeg,220.0,38.8,37.75,1.05,2.71,19.5,18.94,0.56,2.86
15,measurement_images/IMG15.jpeg,230.0,38.8,37.77,1.03,2.67,19.5,18.79,0.71,3.66
16,measurement_images/IMG16.jpeg,250.0,38.8,38.48,0.32,0.83,19.5,19.2,0.3,1.53
17,measurement_images/IMG17.jpeg,210.0,33.0,32.42,0.58,1.75,32.6,31.52,1.08,3.31
18,measurement_images/IMG18.jpeg,220.0,33.0,32.99,0.01,0.02,32.6,31.94,0.66,2.02
19,measurement_images/IMG19.jpeg,230.0,33.0,32.12,0.88,2.67,32.6,31.35,1.25,3.84
20,measurement_images/IMG20.jpeg,250.0,33.0,33.31,0.31,0.94,32.6,32.6,0.0,0.01
