constraint,L11,L12,L13,L22,L23,L33,rhs,achieved,residual
V1_x_unit,194.79361173506322,1013.1863599804291,156.80656794700411,1317.4798070978159,407.80155566737011,31.556861044242957,1,1.1183371143177165,0.11833711431771654
V1_y_unit,2367.6188193575776,-1147.8346114162484,-243.01063392533257,139.11913146586906,58.906445218530983,6.2356076617957834,1,1.1131005500612108,0.11310055006121078
V1_xy_orthogonal,-679.11488058690691,-1601.5318659295767,-238.4878254456128,428.11989732698578,156.89652730108588,14.027694197896755,0,0.00037918073893394855,0.00037918073893394855
V2_x_unit,174.08590558439468,-938.17783081049879,-11.546414178682213,1263.9989999040929,31.112770937519006,0.19145674076561284,1,0.93088226156632292,-0.069117738433677078
V2_y_unit,1586.0668905192708,630.56248652017973,-777.36890623729937,62.67217539550564,-154.52679625005646,95.251722987977089,1,0.98061415892533388,-0.019385841074666121
V2_xy_orthogonal,525.46350106688874,-1311.4524135129857,-146.19698127134322,-281.45615470572506,343.5203097324295,4.2704314109451627,0,0.020440070272377237,0.020440070272377237
V3_x_unit,1268.3784270149131,1716.0917414248449,-34.735410404063401,580.45982221517454,-23.498172808608864,0.23781324055989514,1,1.0328650190650452,0.032865019065045242
V3_y_unit,691.7844567519694,-1104.3014256125691,1046.0561338531652,440.70144490366249,-834.91416192586644,395.43871811944842,1,1.0075330551444697,0.0075330551444696692
V3_xy_orthogonal,-936.72006548831291,113.96495065970851,-695.38684213539011,505.7761188102404,-489.33686891954903,9.6974513661496111,0,0.013822742422317402,0.013822742422317402
V4_x_unit,1820.9834824887216,565.93483704292078,44.424597569084071,43.971052299314437,6.9032551991071234,0.27094491632590817,1,0.83771545657751179,-0.16228454342248821
V4_y_unit,130.69606757132104,-735.46155712906273,-180.62593462387608,1034.6594814712646,508.2151039620046,62.407631815212902,1,0.90987763250168785,-0.09012236749831215
V4_xy_orthogonal,-487.84770192510433,1296.8164909266952,331.1594191982615,213.2957246916931,69.127666302294358,4.1120591654633261,0,-0.030365987173152559,-0.030365987173152559
